Short course,10th International Summer School Modern Methods in Infection Biology,/deutschland/studienangebote/international-programmes/en/detail/6959/
Short course,6th Solar Winter School,/deutschland/studienangebote/international-programmes/en/detail/5573/
PhD / Doctorate,a.r.t.e.s. Graduate School for the Humanities Cologne,/deutschland/studienangebote/international-programmes/en/detail/4100/
PhD / Doctorate,Abbe School of Photonics – PhD/Doctoral Programme,/deutschland/studienangebote/international-programmes/en/detail/4341/
Preparatory course,ACCESS2 Engineering,/deutschland/studienangebote/international-programmes/en/detail/6214/
Master's degree,Accounting & Finance (MSc),/deutschland/studienangebote/international-programmes/en/detail/4479/
Master's degree,Accounting and Controlling,/deutschland/studienangebote/international-programmes/en/detail/5514/
Master's degree,Actuarial and Financial Mathematics,/deutschland/studienangebote/international-programmes/en/detail/4722/
Master's degree,Advanced and Computational Mathematics – International Master's and PhD Programme,/deutschland/studienangebote/international-programmes/en/detail/4770/
Master's degree,Advanced Anglophone Studies,/deutschland/studienangebote/international-programmes/en/detail/4869/
