,german_cities
1,Aach (Baden-Württemberg)
2,Aachen (North Rhine-Westphalia)
3,Aalen (Baden-Württemberg)
4,Abenberg (Bavaria)
5,Abensberg (Bavaria)
6,Achern (Baden-Württemberg)
7,Achim (Lower Saxony)
8,Adelsheim (Baden-Württemberg)
9,Adenau (Rhineland-Palatinate)
10,Adorf (Saxony)
11,Ahaus (North Rhine-Westphalia)
12,Ahlen (North Rhine-Westphalia)
13,Ahrensburg (Schleswig-Holstein)
14,Aichach (Bavaria)
15,Aichtal (Baden-Württemberg)
16,Aken (Elbe) (Saxony-Anhalt)
17,Albstadt (Baden-Württemberg)
18,Alfeld (Lower Saxony)
19,Allendorf (Lumda) (Hesse)
20,Allstedt (Saxony-Anhalt)
21,Alpirsbach (Baden-Württemberg)
22,Alsdorf (North Rhine-Westphalia)
23,Alsfeld (Hesse)
24,Alsleben (Saale) (Saxony-Anhalt)
25,Altdorf bei Nürnberg (Bavaria)
26,Altena (North Rhine-Westphalia)
27,Altenberg (Saxony)
28,Altenburg (Thuringia)
29,Altenkirchen (Rhineland-Palatinate)
30,Altensteig (Baden-Württemberg)
31,Altentreptow (Mecklenburg-Western Pomerania)
32,Altlandsberg (Brandenburg)
33,Altötting (Bavaria)
34,Alzenau (Bavaria)
35,Alzey (Rhineland-Palatinate)
36,Amberg (Bavaria)
37,Amöneburg (Hesse)
38,Amorbach (Bavaria)
39,Amt Creuzburg (Thuringia)
40,An der Schmücke (Thuringia)
41,Andernach (Rhineland-Palatinate)
42,Angermünde (Brandenburg)
43,Anklam (Mecklenburg-Western Pomerania)
44,Annaberg-Buchholz (Saxony)
45,Annaburg (Saxony-Anhalt)
46,Annweiler am Trifels (Rhineland-Palatinate)
47,Ansbach (Bavaria)
48,Apolda (Thuringia)
49,Arendsee (Saxony-Anhalt)
50,Arneburg (Saxony-Anhalt)
51,Arnis (Schleswig-Holstein)
52,Arnsberg (North Rhine-Westphalia)
53,Arnstadt (Thuringia)
54,Arnstein (Bavaria)
55,Arnstein (Saxony-Anhalt)
56,Artern (Thuringia)
57,Arzberg (Bavaria)
58,Aschaffenburg (Bavaria)
59,Aschersleben (Saxony-Anhalt)
60,Asperg (Baden-Württemberg)
61,Aßlar (Hesse)
62,Attendorn (North Rhine-Westphalia)
63,Aub (Bavaria)
64,Aue-Bad Schlema (Saxony)
65,Auerbach in der Oberpfalz (Bavaria)
66,Auerbach (Vogtland) (Saxony)
67,Augsburg (Bavaria)
68,Augustusburg (Saxony)
69,Aulendorf (Baden-Württemberg)
70,Auma-Weidatal (Thuringia)
71,Aurich (Lower Saxony)
72,Babenhausen (Hesse)
73,Bacharach (Rhineland-Palatinate)
74,Backnang (Baden-Württemberg)
75,Bad Aibling (Bavaria)
76,Bad Arolsen (Hesse)
77,Bad Belzig (Brandenburg)
78,Bad Bentheim (Lower Saxony)
79,Bad Bergzabern (Rhineland-Palatinate)
80,Bad Berka (Thuringia)
81,Bad Berleburg (North Rhine-Westphalia)
82,Bad Berneck im Fichtelgebirge (Bavaria)
83,Bad Bevensen (Lower Saxony)
84,Bad Bibra (Saxony-Anhalt)
85,Bad Blankenburg (Thuringia)
86,Bad Bramstedt (Schleswig-Holstein)
87,Bad Breisig (Rhineland-Palatinate)
88,Bad Brückenau (Bavaria)
89,Bad Buchau (Baden-Württemberg)
90,Bad Camberg (Hesse)
91,Bad Doberan (Mecklenburg-Western Pomerania)
92,Bad Driburg (North Rhine-Westphalia)
93,Bad Düben (Saxony)
94,Bad Dürkheim (Rhineland-Palatinate)
95,Bad Dürrenberg (Saxony-Anhalt)
96,Bad Dürrheim (Baden-Württemberg)
97,Bad Elster (Saxony)
98,Bad Ems (Rhineland-Palatinate)
99,Bad Fallingbostel (Lower Saxony)
100,Bad Frankenhausen/Kyffhäuser (Thuringia)
101,Bad Freienwalde (Oder) (Brandenburg)
102,Bad Friedrichshall (Baden-Württemberg)
103,Bad Gandersheim (Lower Saxony)
104,Bad Gottleuba-Berggießhübel (Saxony)
105,Bad Griesbach im Rottal (Bavaria)
106,Bad Harzburg (Lower Saxony)
107,Bad Herrenalb (Baden-Württemberg)
108,Bad Hersfeld (Hesse)
109,Bad Homburg vor der Höhe (Hesse)
110,Bad Honnef (North Rhine-Westphalia)
111,Bad Hönningen (Rhineland-Palatinate)
112,Bad Iburg (Lower Saxony)
113,Bad Karlshafen (Hesse)
114,Bad Kissingen (Bavaria)
115,Bad König (Hesse)
116,Bad Königshofen im Grabfeld (Bavaria)
117,Bad Köstritz (Thuringia)
118,Bad Kötzting (Bavaria)
119,Bad Kreuznach (Rhineland-Palatinate)
120,Bad Krozingen (Baden-Württemberg)
121,Bad Laasphe (North Rhine-Westphalia)
122,Bad Langensalza (Thuringia)
123,Bad Lauchstädt (Saxony-Anhalt)
124,Bad Lausick (Saxony)
125,Bad Lauterberg im Harz (Lower Saxony)
126,Bad Liebenstein (Thuringia)
127,Bad Liebenwerda (Brandenburg)
128,Bad Liebenzell (Baden-Württemberg)
129,Bad Lippspringe (North Rhine-Westphalia)
130,Bad Lobenstein (Thuringia)
131,Bad Marienberg (Rhineland-Palatinate)
132,Bad Mergentheim (Baden-Württemberg)
133,Bad Münder am Deister (Lower Saxony)
134,Bad Münstereifel (North Rhine-Westphalia)
135,Bad Muskau (Saxony)
136,Bad Nauheim (Hesse)
137,Bad Nenndorf (Lower Saxony)
138,Bad Neuenahr-Ahrweiler (Rhineland-Palatinate)
139,Bad Neustadt an der Saale (Bavaria)
140,Bad Oeynhausen (North Rhine-Westphalia)
141,Bad Oldesloe (Schleswig-Holstein)
142,Bad Orb (Hesse)
143,Bad Pyrmont (Lower Saxony)
144,Bad Rappenau (Baden-Württemberg)
145,Bad Reichenhall (Bavaria)
146,Bad Rodach (Bavaria)
147,Bad Sachsa (Lower Saxony)
148,Bad Säckingen (Baden-Württemberg)
149,Bad Salzdetfurth (Lower Saxony)
150,Bad Salzuflen (North Rhine-Westphalia)
151,Bad Salzungen (Thuringia)
152,Bad Saulgau (Baden-Württemberg)
153,Bad Schandau (Saxony)
154,Bad Schmiedeberg (Saxony-Anhalt)
155,Bad Schussenried (Baden-Württemberg)
156,Bad Schwalbach (Hesse)
157,Bad Schwartau (Schleswig-Holstein)
158,Bad Segeberg (Schleswig-Holstein)
159,Bad Sobernheim (Rhineland-Palatinate)
160,Bad Soden am Taunus (Hesse)
161,Bad Soden-Salmünster (Hesse)
162,Bad Sooden-Allendorf (Hesse)
163,Bad Staffelstein (Bavaria)
164,Bad Sulza (Thuringia)
165,Bad Sülze (Mecklenburg-Western Pomerania)
166,Bad Teinach-Zavelstein (Baden-Württemberg)
167,Bad Tennstedt (Thuringia)
168,Bad Tölz (Bavaria)
169,Bad Urach (Baden-Württemberg)
170,Bad Vilbel (Hesse)
171,Bad Waldsee (Baden-Württemberg)
172,Bad Wildbad (Baden-Württemberg)
173,Bad Wildungen (Hesse)
174,Bad Wilsnack (Brandenburg)
175,Bad Wimpfen (Baden-Württemberg)
176,Bad Windsheim (Bavaria)
177,Bad Wörishofen (Bavaria)
178,Bad Wünnenberg (North Rhine-Westphalia)
179,Bad Wurzach (Baden-Württemberg)
180,Baden-Baden (Baden-Württemberg)
181,Baesweiler (North Rhine-Westphalia)
182,Baiersdorf (Bavaria)
183,Balingen (Baden-Württemberg)
184,Ballenstedt (Saxony-Anhalt)
185,Balve (North Rhine-Westphalia)
186,Bamberg (Bavaria)
187,Barby (Elbe) (Saxony-Anhalt)
188,Bargteheide (Schleswig-Holstein)
189,Barmstedt (Schleswig-Holstein)
190,Bärnau (Bavaria)
191,Barntrup (North Rhine-Westphalia)
192,Barsinghausen (Lower Saxony)
193,Barth (Mecklenburg-Western Pomerania)
194,Baruth/Mark (Brandenburg)
195,Bassum (Lower Saxony)
196,Battenberg (Hesse)
197,Baumholder (Rhineland-Palatinate)
198,Baunach (Bavaria)
199,Baunatal (Hesse)
200,Bautzen (Saxony)
201,Bayreuth (Bavaria)
202,Bebra (Hesse)
203,Beckum (North Rhine-Westphalia)
204,Bedburg (North Rhine-Westphalia)
205,Beelitz (Brandenburg)
206,Beeskow (Brandenburg)
207,Beilngries (Bavaria)
208,Beilstein (Baden-Württemberg)
209,Belgern-Schildau (Saxony)
210,Bendorf (Rhineland-Palatinate)
211,Bensheim (Hesse)
212,Berching (Bavaria)
213,Berga/Elster (Thuringia)
214,Bergen (Lower Saxony)
215,Bergen auf Rügen (Mecklenburg-Western Pomerania)
216,Bergheim (North Rhine-Westphalia)
217,Bergisch Gladbach (North Rhine-Westphalia)
218,Bergkamen (North Rhine-Westphalia)
219,Bergneustadt (North Rhine-Westphalia)
220,Berlin (Berlin)
221,Bernau bei Berlin (Brandenburg)
222,Bernburg (Saxony-Anhalt)
223,Bernkastel-Kues (Rhineland-Palatinate)
224,Bernsdorf (Saxony)
225,Bernstadt a. d. Eigen (Saxony)
226,Bersenbrück (Lower Saxony)
227,Besigheim (Baden-Württemberg)
228,Betzdorf (Rhineland-Palatinate)
229,Betzenstein (Bavaria)
230,Beverungen (North Rhine-Westphalia)
231,Bexbach (Saarland)
232,Biberach an der Riß (Baden-Württemberg)
233,Biedenkopf (Hesse)
234,Bielefeld (North Rhine-Westphalia)
235,Biesenthal (Brandenburg)
236,Bietigheim-Bissingen (Baden-Württemberg)
237,Billerbeck (North Rhine-Westphalia)
238,Bingen am Rhein (Rhineland-Palatinate)
239,Birkenfeld (Rhineland-Palatinate)
240,Bischofsheim in der Rhön (Bavaria)
241,Bischofswerda (Saxony)
242,Bismark (Altmark) (Saxony-Anhalt)
243,Bitburg (Rhineland-Palatinate)
244,Bitterfeld-Wolfen (Saxony-Anhalt)
245,Blankenburg (Harz) (Saxony-Anhalt)
246,Blankenhain (Thuringia)
247,Blaubeuren (Baden-Württemberg)
248,Blaustein (Baden-Württemberg)
249,Bleckede (Lower Saxony)
250,Bleicherode (Thuringia)
251,Blieskastel (Saarland)
252,Blomberg (North Rhine-Westphalia)
253,Blumberg (Baden-Württemberg)
254,Bobingen (Bavaria)
255,Böblingen (Baden-Württemberg)
256,Bocholt (North Rhine-Westphalia)
257,Bochum (North Rhine-Westphalia)
258,Bockenem (Lower Saxony)
259,Bodenwerder (Lower Saxony)
260,Bogen (Bavaria)
261,Böhlen (Saxony)
262,Boizenburg (Mecklenburg-Western Pomerania)
263,Bonn (North Rhine-Westphalia)
264,Bonndorf im Schwarzwald (Baden-Württemberg)
265,Bönnigheim (Baden-Württemberg)
266,Bopfingen (Baden-Württemberg)
267,Boppard (Rhineland-Palatinate)
268,Borgentreich (North Rhine-Westphalia)
269,Borgholzhausen (North Rhine-Westphalia)
270,Borken (North Rhine-Westphalia)
271,Borken (Hesse) (Hesse)
272,Borkum (Lower Saxony)
273,Borna (Saxony)
274,Bornheim (North Rhine-Westphalia)
275,Bottrop (North Rhine-Westphalia)
276,Boxberg (Baden-Württemberg)
277,Brackenheim (Baden-Württemberg)
278,Brake (Unterweser) (Lower Saxony)
279,Brakel (North Rhine-Westphalia)
280,Bramsche (Lower Saxony)
281,Brandenburg an der Havel (Brandenburg)
282,Brand-Erbisdorf (Saxony)
283,Brandis (Saxony)
284,Braubach (Rhineland-Palatinate)
285,Braunfels (Hesse)
286,Braunlage (Lower Saxony)
287,Bräunlingen (Baden-Württemberg)
288,Braunsbedra (Saxony-Anhalt)
289,Braunschweig (Lower Saxony)
290,Breckerfeld (North Rhine-Westphalia)
291,Bredstedt (Schleswig-Holstein)
292,Breisach (Baden-Württemberg)
293,Bremen (Bremen)
294,Bremerhaven (Bremen)
295,Bremervörde (Lower Saxony)
296,Bretten (Baden-Württemberg)
297,Breuberg (Hesse)
298,Brilon (North Rhine-Westphalia)
299,Brotterode-Trusetal (Thuringia)
300,Bruchköbel (Hesse)
301,Bruchsal (Baden-Württemberg)
302,Brück (Brandenburg)
303,Brüel (Mecklenburg-Western Pomerania)
304,Brühl (North Rhine-Westphalia)
305,Brunsbüttel (Schleswig-Holstein)
306,Brüssow (Brandenburg)
307,Buchen (Odenwald) (Baden-Württemberg)
308,Buchholz in der Nordheide (Lower Saxony)
309,Buchloe (Bavaria)
310,Bückeburg (Lower Saxony)
311,Buckow (Brandenburg)
312,Büdelsdorf (Schleswig-Holstein)
313,Büdingen (Hesse)
314,Bühl (Baden-Württemberg)
315,Bünde (North Rhine-Westphalia)
316,Büren (North Rhine-Westphalia)
317,Burg (Saxony-Anhalt)
318,Burgau (Bavaria)
319,Burgbernheim (Bavaria)
320,Burgdorf (Lower Saxony)
321,Bürgel (Thuringia)
322,Burghausen (Bavaria)
323,Burgkunstadt (Bavaria)
324,Burglengenfeld (Bavaria)
325,Burgstädt (Saxony)
326,Burg Stargard (Mecklenburg-Western Pomerania)
327,Burgwedel (Lower Saxony)
328,Burladingen (Baden-Württemberg)
329,Burscheid (North Rhine-Westphalia)
330,Bürstadt (Hesse)
331,Butzbach (Hesse)
332,Bützow (Mecklenburg-Western Pomerania)
333,Buxtehude (Lower Saxony)
334,Calau (Brandenburg)
335,Calbe (Saale) (Saxony-Anhalt)
336,Calw (Baden-Württemberg)
337,Castrop-Rauxel (North Rhine-Westphalia)
338,Celle (Lower Saxony)
339,Cham (Bavaria)
340,Chemnitz (Saxony)
341,Clausthal-Zellerfeld (Lower Saxony)
342,Clingen (Thuringia)
343,Cloppenburg (Lower Saxony)
344,Coburg (Bavaria)
345,Cochem (Rhineland-Palatinate)
346,Coesfeld (North Rhine-Westphalia)
347,Colditz (Saxony)
348,Cologne (North Rhine-Westphalia)
349,Coswig (Saxony)
350,Coswig (Anhalt) (Saxony-Anhalt)
351,Cottbus (Brandenburg)
352,Crailsheim (Baden-Württemberg)
353,Creglingen (Baden-Württemberg)
354,Creußen (Bavaria)
355,Crimmitschau (Saxony)
356,Crivitz (Mecklenburg-Western Pomerania)
357,Cuxhaven (Lower Saxony)
358,Daaden (Rhineland-Palatinate)
359,Dachau (Bavaria)
360,Dahlen (Saxony)
361,Dahme/Mark (Brandenburg)
362,Dahn (Rhineland-Palatinate)
363,Damme (Lower Saxony)
364,Dannenberg (Elbe) (Lower Saxony)
365,Dargun (Mecklenburg-Western Pomerania)
366,Darmstadt (Hesse)
367,Dassel (Lower Saxony)
368,Dassow (Mecklenburg-Western Pomerania)
369,Datteln (North Rhine-Westphalia)
370,Daun (Rhineland-Palatinate)
371,Deggendorf (Bavaria)
372,Deidesheim (Rhineland-Palatinate)
373,Delbrück (North Rhine-Westphalia)
374,Delitzsch (Saxony)
375,Delmenhorst (Lower Saxony)
376,Demmin (Mecklenburg-Western Pomerania)
377,Dessau-Roßlau (Saxony-Anhalt)
378,Detmold (North Rhine-Westphalia)
379,Dettelbach (Bavaria)
380,Dieburg (Hesse)
381,Diemelstadt (Hesse)
382,Diepholz (Lower Saxony)
383,Dierdorf (Rhineland-Palatinate)
384,Dietenheim (Baden-Württemberg)
385,Dietfurt an der Altmühl (Bavaria)
386,Dietzenbach (Hesse)
387,Diez (Rhineland-Palatinate)
388,Dillenburg (Hesse)
389,Dillingen an der Donau (Bavaria)
390,Dillingen/Saar (Saarland)
391,Dingelstädt (Thuringia)
392,Dingolfing (Bavaria)
393,Dinkelsbühl (Bavaria)
394,Dinklage (Lower Saxony)
395,Dinslaken (North Rhine-Westphalia)
396,Dippoldiswalde (Saxony)
397,Dissen am Teutoburger Wald (Lower Saxony)
398,Ditzingen (Baden-Württemberg)
399,Döbeln (Saxony)
400,Doberlug-Kirchhain (Brandenburg)
401,Döbern (Brandenburg)
402,Dohna (Saxony)
403,Dömitz (Mecklenburg-Western Pomerania)
404,Dommitzsch (Saxony)
405,Donaueschingen (Baden-Württemberg)
406,Donauwörth (Bavaria)
407,Donzdorf (Baden-Württemberg)
408,Dorfen (Bavaria)
409,Dormagen (North Rhine-Westphalia)
410,Dornburg-Camburg (Thuringia)
411,Dornhan (Baden-Württemberg)
412,Dornstetten (Baden-Württemberg)
413,Dorsten (North Rhine-Westphalia)
414,Dortmund (North Rhine-Westphalia)
415,Dransfeld (Lower Saxony)
416,Drebkau (Brandenburg)
417,Dreieich (Hesse)
418,Drensteinfurt (North Rhine-Westphalia)
419,Dresden (Saxony)
420,Drolshagen (North Rhine-Westphalia)
421,Duderstadt (Lower Saxony)
422,Duisburg (North Rhine-Westphalia)
423,Dülmen (North Rhine-Westphalia)
424,Düren (North Rhine-Westphalia)
425,Düsseldorf (North Rhine-Westphalia)
426,Ebeleben (Thuringia)
427,Eberbach (Baden-Württemberg)
428,Ebermannstadt (Bavaria)
429,Ebern (Bavaria)
430,Ebersbach an der Fils (Baden-Württemberg)
431,Ebersbach-Neugersdorf (Saxony)
432,Ebersberg (Bavaria)
433,Eberswalde (Brandenburg)
434,Eckartsberga (Saxony-Anhalt)
435,Eckernförde (Schleswig-Holstein)
436,Edenkoben (Rhineland-Palatinate)
437,Egeln (Saxony-Anhalt)
438,Eggenfelden (Bavaria)
439,Eggesin (Mecklenburg-Western Pomerania)
440,Ehingen (Donau) (Baden-Württemberg)
441,Ehrenfriedersdorf (Saxony)
442,Eibelstadt (Bavaria)
443,Eibenstock (Saxony)
444,Eichstätt (Bavaria)
445,Eilenburg (Saxony)
446,Einbeck (Lower Saxony)
447,Eisenach (Thuringia)
448,Eisenberg (Thuringia)
449,Eisenberg (Pfalz) (Rhineland-Palatinate)
450,Eisenhüttenstadt (Brandenburg)
451,Eisfeld (Thuringia)
452,Eisleben (Saxony-Anhalt)
453,Eislingen/Fils (Baden-Württemberg)
454,Ellingen (Bavaria)
455,Ellrich (Thuringia)
456,Ellwangen (Baden-Württemberg)
457,Elmshorn (Schleswig-Holstein)
458,Elsdorf (North Rhine-Westphalia)
459,Elsfleth (Lower Saxony)
460,Elsterberg (Saxony)
461,Elsterwerda (Brandenburg)
462,Elstra (Saxony)
463,Elterlein (Saxony)
464,Eltmann (Bavaria)
465,Eltville am Rhein (Hesse)
466,Elzach (Baden-Württemberg)
467,Elze (Lower Saxony)
468,Emden (Lower Saxony)
469,Emmelshausen (Rhineland-Palatinate)
470,Emmendingen (Baden-Württemberg)
471,Emmerich am Rhein (North Rhine-Westphalia)
472,Emsdetten (North Rhine-Westphalia)
473,Endingen (Baden-Württemberg)
474,Engen (Baden-Württemberg)
475,Enger (North Rhine-Westphalia)
476,Ennepetal (North Rhine-Westphalia)
477,Ennigerloh (North Rhine-Westphalia)
478,Eppelheim (Baden-Württemberg)
479,Eppingen (Baden-Württemberg)
480,Eppstein (Hesse)
481,Erbach (Donau) (Baden-Württemberg)
482,Erbach (Hesse)
483,Erbendorf (Bavaria)
484,Erding (Bavaria)
485,Erftstadt (North Rhine-Westphalia)
486,Erfurt (Thuringia)
487,Erkelenz (North Rhine-Westphalia)
488,Erkner (Brandenburg)
489,Erkrath (North Rhine-Westphalia)
490,Erlangen (Bavaria)
491,Erlenbach am Main (Bavaria)
492,Erlensee (Hesse)
493,Erwitte (North Rhine-Westphalia)
494,Eschborn (Hesse)
495,Eschenbach in der Oberpfalz (Bavaria)
496,Eschershausen (Lower Saxony)
497,Eschwege (Hesse)
498,Eschweiler (North Rhine-Westphalia)
499,Esens (Lower Saxony)
500,Espelkamp (North Rhine-Westphalia)
501,Essen (North Rhine-Westphalia)
502,Esslingen am Neckar (Baden-Württemberg)
503,Ettenheim (Baden-Württemberg)
504,Ettlingen (Baden-Württemberg)
505,Euskirchen (North Rhine-Westphalia)
506,Eutin (Schleswig-Holstein)
507,Falkenberg/Elster (Brandenburg)
508,Falkensee (Brandenburg)
509,Falkenstein/Harz (Saxony-Anhalt)
510,Falkenstein/Vogtl. (Saxony)
511,Fehmarn (Schleswig-Holstein)
512,Fellbach (Baden-Württemberg)
513,Felsberg (Hesse)
514,Feuchtwangen (Bavaria)
515,Filderstadt (Baden-Württemberg)
516,Finsterwalde (Brandenburg)
517,Fladungen (Bavaria)
518,Flensburg (Schleswig-Holstein)
519,Flöha (Saxony)
520,Flörsheim am Main (Hesse)
521,Florstadt (Hesse)
522,Forchheim (Bavaria)
523,Forchtenberg (Baden-Württemberg)
524,Forst (Lausitz) (Brandenburg)
525,Frankenau (Hesse)
526,Frankenberg (Eder) (Hesse)
527,Frankenberg/Sa. (Saxony)
528,Frankenthal (Pfalz) (Rhineland-Palatinate)
529,Frankfurt am Main (Hesse)
530,Frankfurt (Oder) (Brandenburg)
531,Franzburg (Mecklenburg-Western Pomerania)
532,Frauenstein (Saxony)
533,Frechen (North Rhine-Westphalia)
534,Freiberg am Neckar (Baden-Württemberg)
535,Freiberg (Saxony)
536,Freiburg im Breisgau (Baden-Württemberg)
537,Freilassing (Bavaria)
538,Freinsheim (Rhineland-Palatinate)
539,Freising (Bavaria)
540,Freital (Saxony)
541,Freren (Lower Saxony)
542,Freudenberg (Baden-Württemberg)
543,Freudenberg (North Rhine-Westphalia)
544,Freudenstadt (Baden-Württemberg)
545,Freyburg (Unstrut) (Saxony-Anhalt)
546,Freystadt (Bavaria)
547,Freyung (Bavaria)
548,Fridingen an der Donau (Baden-Württemberg)
549,Friedberg (Bavaria)
550,Friedberg (Hesse)
551,Friedland (Mecklenburg-Western Pomerania)
552,Friedland (Brandenburg)
553,Friedrichroda (Thuringia)
554,Friedrichsdorf (Hesse)
555,Friedrichshafen (Baden-Württemberg)
556,Friedrichstadt (Schleswig-Holstein)
557,Friedrichsthal (Saarland)
558,Friesack (Brandenburg)
559,Friesoythe (Lower Saxony)
560,Fritzlar (Hesse)
561,Frohburg (Saxony)
562,Fröndenberg (North Rhine-Westphalia)
563,Fulda (Hesse)
564,Fürstenau (Lower Saxony)
565,Fürstenberg/Havel (Brandenburg)
566,Fürstenfeldbruck (Bavaria)
567,Fürstenwalde (Brandenburg)
568,Fürth (Bavaria)
569,Furth im Wald (Bavaria)
570,Furtwangen im Schwarzwald (Baden-Württemberg)
571,Füssen (Bavaria)
572,Gadebusch (Mecklenburg-Western Pomerania)
573,Gaggenau (Baden-Württemberg)
574,Gaildorf (Baden-Württemberg)
575,Gammertingen (Baden-Württemberg)
576,Garbsen (Lower Saxony)
577,Garching bei München (Bavaria)
578,Gardelegen (Saxony-Anhalt)
579,Garding (Schleswig-Holstein)
580,Gartz (Brandenburg)
581,Garz/Rügen (Mecklenburg-Western Pomerania)
582,Gau-Algesheim (Rhineland-Palatinate)
583,Gebesee (Thuringia)
584,Gedern (Hesse)
585,Geesthacht (Schleswig-Holstein)
586,Geestland (Lower Saxony)
587,Gefell (Thuringia)
588,Gefrees (Bavaria)
589,Gehrden (Lower Saxony)
590,Geilenkirchen (North Rhine-Westphalia)
591,Geisa (Thuringia)
592,Geiselhöring (Bavaria)
593,Geisenfeld (Bavaria)
594,Geisenheim (Hesse)
595,Geisingen (Baden-Württemberg)
596,Geislingen (bei Balingen) (Baden-Württemberg)
597,Geislingen an der Steige (Baden-Württemberg)
598,Geithain (Saxony)
599,Geldern (North Rhine-Westphalia)
600,Gelnhausen (Hesse)
601,Gelsenkirchen (North Rhine-Westphalia)
602,Gemünden am Main (Bavaria)
603,Gemünden (Wohra) (Hesse)
604,Gengenbach (Baden-Württemberg)
605,Genthin (Saxony-Anhalt)
606,Georgsmarienhütte (Lower Saxony)
607,Gera (Thuringia)
608,Gerabronn (Baden-Württemberg)
609,Gerbstedt (Saxony-Anhalt)
610,Geretsried (Bavaria)
611,Geringswalde (Saxony)
612,Gerlingen (Baden-Württemberg)
613,Germering (Bavaria)
614,Germersheim (Rhineland-Palatinate)
615,Gernsbach (Baden-Württemberg)
616,Gernsheim (Hesse)
617,Gerolstein (Rhineland-Palatinate)
618,Gerolzhofen (Bavaria)
619,Gersfeld (Rhön) (Hesse)
620,Gersthofen (Bavaria)
621,Gescher (North Rhine-Westphalia)
622,Geseke (North Rhine-Westphalia)
623,Gevelsberg (North Rhine-Westphalia)
624,Geyer (Saxony)
625,Giengen an der Brenz (Baden-Württemberg)
626,Gießen (Hesse)
627,Gifhorn (Lower Saxony)
628,Ginsheim-Gustavsburg (Hesse)
629,Gladbeck (North Rhine-Westphalia)
630,Gladenbach (Hesse)
631,Glashütte (Saxony)
632,Glauchau (Saxony)
633,Glinde (Schleswig-Holstein)
634,Glücksburg (Schleswig-Holstein)
635,Glückstadt (Schleswig-Holstein)
636,Gnoien (Mecklenburg-Western Pomerania)
637,Goch (North Rhine-Westphalia)
638,Goldberg (Mecklenburg-Western Pomerania)
639,Goldkronach (Bavaria)
640,Golßen (Brandenburg)
641,Gommern (Saxony-Anhalt)
642,Göppingen (Baden-Württemberg)
643,Görlitz (Saxony)
644,Goslar (Lower Saxony)
645,Gößnitz (Thuringia)
646,Gotha (Thuringia)
647,Göttingen (Lower Saxony)
648,Grabow (Mecklenburg-Western Pomerania)
649,Grafenau (Bavaria)
650,Gräfenberg (Bavaria)
651,Gräfenhainichen (Saxony-Anhalt)
652,Gräfenthal (Thuringia)
653,Grafenwöhr (Bavaria)
654,Grafing bei München (Bavaria)
655,Gransee (Brandenburg)
656,Grebenau (Hesse)
657,Grebenstein (Hesse)
658,Greding (Bavaria)
659,Greifswald (Mecklenburg-Western Pomerania)
660,Greiz (Thuringia)
661,Greußen (Thuringia)
662,Greven (North Rhine-Westphalia)
663,Grevenbroich (North Rhine-Westphalia)
664,Grevesmühlen (Mecklenburg-Western Pomerania)
665,Griesheim (Hesse)
666,Grimma (Saxony)
667,Grimmen (Mecklenburg-Western Pomerania)
668,Gröditz (Saxony)
669,Groitzsch (Saxony)
670,Gronau (Leine) (Lower Saxony)
671,Gronau (Westf.) (North Rhine-Westphalia)
672,Gröningen (Saxony-Anhalt)
673,Großalmerode (Hesse)
674,Groß-Bieberau (Hesse)
675,Großbottwar (Baden-Württemberg)
676,Großbreitenbach (Thuringia)
677,Großenehrich (Thuringia)
678,Großenhain (Saxony)
679,Groß-Gerau (Hesse)
680,Großräschen (Brandenburg)
681,Großröhrsdorf (Saxony)
682,Großschirma (Saxony)
683,Groß-Umstadt (Hesse)
684,Grünberg (Hesse)
685,Grünhain-Beierfeld (Saxony)
686,Grünsfeld (Baden-Württemberg)
687,Grünstadt (Rhineland-Palatinate)
688,Guben (Brandenburg)
689,Gudensberg (Hesse)
690,Güglingen (Baden-Württemberg)
691,Gummersbach (North Rhine-Westphalia)
692,Gundelfingen an der Donau (Bavaria)
693,Gundelsheim (Baden-Württemberg)
694,Günzburg (Bavaria)
695,Gunzenhausen (Bavaria)
696,Güsten (Saxony-Anhalt)
697,Güstrow (Mecklenburg-Western Pomerania)
698,Gütersloh (North Rhine-Westphalia)
699,Gützkow (Mecklenburg-Western Pomerania)
700,Haan (North Rhine-Westphalia)
701,Hachenburg (Rhineland-Palatinate)
702,Hadamar (Hesse)
703,Hagen (North Rhine-Westphalia)
704,Hagenbach (Rhineland-Palatinate)
705,Hagenow (Mecklenburg-Western Pomerania)
706,Haiger (Hesse)
707,Haigerloch (Baden-Württemberg)
708,Hainichen (Saxony)
709,Haiterbach (Baden-Württemberg)
710,Halberstadt (Saxony-Anhalt)
711,Haldensleben (Saxony-Anhalt)
712,Halle (Saale) (Saxony-Anhalt)
713,Halle (North Rhine-Westphalia)
714,Hallenberg (North Rhine-Westphalia)
715,Hallstadt (Bavaria)
716,Haltern am See (North Rhine-Westphalia)
717,Halver (North Rhine-Westphalia)
718,Hamburg (Hamburg)
719,Hameln (Lower Saxony)
720,Hamm (North Rhine-Westphalia)
721,Hammelburg (Bavaria)
722,Hamminkeln (North Rhine-Westphalia)
723,Hanau (Hesse)
724,Hann. Münden (Lower Saxony)
725,Hanover (Lower Saxony)
726,Harburg (Bavaria)
727,Hardegsen (Lower Saxony)
728,Haren (Ems) (Lower Saxony)
729,Harsewinkel (North Rhine-Westphalia)
730,Hartenstein (Saxony)
731,Hartha (Saxony)
732,Harzgerode (Saxony-Anhalt)
733,Haselünne (Lower Saxony)
734,Haslach im Kinzigtal (Baden-Württemberg)
735,Haßfurt (Bavaria)
736,Hattersheim am Main (Hesse)
737,Hattingen (North Rhine-Westphalia)
738,Hatzfeld (Eder) (Hesse)
739,Hausach (Baden-Württemberg)
740,Hauzenberg (Bavaria)
741,Havelberg (Saxony-Anhalt)
742,Havelsee (Brandenburg)
743,Hayingen (Baden-Württemberg)
744,Hechingen (Baden-Württemberg)
745,Hecklingen (Saxony-Anhalt)
746,Heide (Schleswig-Holstein)
747,Heideck (Bavaria)
748,Heidelberg (Baden-Württemberg)
749,Heidenau (Saxony)
750,Heidenheim an der Brenz (Baden-Württemberg)
751,Heilbad Heiligenstadt (Thuringia)
752,Heilbronn (Baden-Württemberg)
753,Heiligenhafen (Schleswig-Holstein)
754,Heiligenhaus (North Rhine-Westphalia)
755,Heilsbronn (Bavaria)
756,Heimbach (North Rhine-Westphalia)
757,Heimsheim (Baden-Württemberg)
758,Heinsberg (North Rhine-Westphalia)
759,Heitersheim (Baden-Württemberg)
760,Heldburg (Thuringia)
761,Helmbrechts (Bavaria)
762,Helmstedt (Lower Saxony)
763,Hemau (Bavaria)
764,Hemer (North Rhine-Westphalia)
765,Hemmingen (Lower Saxony)
766,Hemmoor (Lower Saxony)
767,Hemsbach (Baden-Württemberg)
768,Hennef (Sieg) (North Rhine-Westphalia)
769,Hennigsdorf (Brandenburg)
770,Heppenheim (Hesse)
771,Herbolzheim (Baden-Württemberg)
772,Herborn (Hesse)
773,Herbrechtingen (Baden-Württemberg)
774,Herbstein (Hesse)
775,Herdecke (North Rhine-Westphalia)
776,Herdorf (Rhineland-Palatinate)
777,Herford (North Rhine-Westphalia)
778,Heringen/Helme (Thuringia)
779,Heringen (Hesse)
780,Hermeskeil (Rhineland-Palatinate)
781,Hermsdorf (Thuringia)
782,Herne (North Rhine-Westphalia)
783,Herrenberg (Baden-Württemberg)
784,Herrieden (Bavaria)
785,Herrnhut (Saxony)
786,Hersbruck (Bavaria)
787,Herten (North Rhine-Westphalia)
788,Herzberg am Harz (Lower Saxony)
789,Herzberg (Elster) (Brandenburg)
790,Herzogenaurach (Bavaria)
791,Herzogenrath (North Rhine-Westphalia)
792,Hessisch Lichtenau (Hesse)
793,Hessisch Oldendorf (Lower Saxony)
794,Hettingen (Baden-Württemberg)
795,Hettstedt (Saxony-Anhalt)
796,Heubach (Baden-Württemberg)
797,Heusenstamm (Hesse)
798,Hilchenbach (North Rhine-Westphalia)
799,Hildburghausen (Thuringia)
800,Hilden (North Rhine-Westphalia)
801,Hildesheim (Lower Saxony)
802,Hillesheim (Rhineland-Palatinate)
803,Hilpoltstein (Bavaria)
804,Hirschau (Bavaria)
805,Hirschberg (Thuringia)
806,Hirschhorn (Neckar) (Hesse)
807,Hitzacker (Lower Saxony)
808,Hochheim am Main (Hesse)
809,Höchstadt an der Aisch (Bavaria)
810,Höchstädt an der Donau (Bavaria)
811,Hockenheim (Baden-Württemberg)
812,Hof (Bavaria)
813,Hofgeismar (Hesse)
814,Hofheim am Taunus (Hesse)
815,Hofheim (Bavaria)
816,Hohenberg an der Eger (Bavaria)
817,Hohenleuben (Thuringia)
818,Hohenmölsen (Saxony-Anhalt)
819,Hohen Neuendorf (Brandenburg)
820,Hohenstein-Ernstthal (Saxony)
821,Hohnstein (Saxony)
822,Höhr-Grenzhausen (Rhineland-Palatinate)
823,Hollfeld (Bavaria)
824,Holzgerlingen (Baden-Württemberg)
825,Holzminden (Lower Saxony)
826,Homberg (Efze) (Hesse)
827,Homberg (Ohm) (Hesse)
828,Homburg (Saar) (Saarland)
829,Horb am Neckar (Baden-Württemberg)
830,Hornbach (Rhineland-Palatinate)
831,Horn-Bad Meinberg (North Rhine-Westphalia)
832,Hornberg (Baden-Württemberg)
833,Hörstel (North Rhine-Westphalia)
834,Horstmar (North Rhine-Westphalia)
835,Höxter (North Rhine-Westphalia)
836,Hoya (Lower Saxony)
837,Hoyerswerda (Saxony)
838,Hückelhoven (North Rhine-Westphalia)
839,Hückeswagen (North Rhine-Westphalia)
840,Hüfingen (Baden-Württemberg)
841,Hünfeld (Hesse)
842,Hungen (Hesse)
843,Hürth (North Rhine-Westphalia)
844,Husum (Schleswig-Holstein)
845,Ibbenbüren (North Rhine-Westphalia)
846,Ichenhausen (Bavaria)
847,Idar-Oberstein (Rhineland-Palatinate)
848,Idstein (Hesse)
849,Illertissen (Bavaria)
850,Ilmenau (Thuringia)
851,Ilsenburg (Saxony-Anhalt)
852,Ilshofen (Baden-Württemberg)
853,Immenhausen (Hesse)
854,Immenstadt im Allgäu (Bavaria)
855,Ingelfingen (Baden-Württemberg)
856,Ingelheim am Rhein (Rhineland-Palatinate)
857,Ingolstadt (Bavaria)
858,Iphofen (Bavaria)
859,Iserlohn (North Rhine-Westphalia)
860,Isny im Allgäu (Baden-Württemberg)
861,Isselburg (North Rhine-Westphalia)
862,Itzehoe (Schleswig-Holstein)
863,Jarmen (Mecklenburg-Western Pomerania)
864,Jena (Thuringia)
865,Jerichow (Saxony-Anhalt)
866,Jessen (Elster) (Saxony-Anhalt)
867,Jever (Lower Saxony)
868,Joachimsthal (Brandenburg)
869,Johanngeorgenstadt (Saxony)
870,Jöhstadt (Saxony)
871,Jüchen (North Rhine-Westphalia)
872,Jülich (North Rhine-Westphalia)
873,Jüterbog (Brandenburg)
874,Kaarst (North Rhine-Westphalia)
875,Kahla (Thuringia)
876,Kaisersesch (Rhineland-Palatinate)
877,Kaiserslautern (Rhineland-Palatinate)
878,Kalbe (Milde) (Saxony-Anhalt)
879,Kalkar (North Rhine-Westphalia)
880,Kaltenkirchen (Schleswig-Holstein)
881,Kaltennordheim (Thuringia)
882,Kamen (North Rhine-Westphalia)
883,Kamenz (Saxony)
884,Kamp-Lintfort (North Rhine-Westphalia)
885,Kandel (Rhineland-Palatinate)
886,Kandern (Baden-Württemberg)
887,Kappeln (Schleswig-Holstein)
888,Karben (Hesse)
889,Karlsruhe (Baden-Württemberg)
890,Karlstadt (Bavaria)
891,Kassel (Hesse)
892,Kastellaun (Rhineland-Palatinate)
893,Katzenelnbogen (Rhineland-Palatinate)
894,Kaub (Rhineland-Palatinate)
895,Kaufbeuren (Bavaria)
896,Kehl (Baden-Württemberg)
897,Kelbra (Kyffhäuser) (Saxony-Anhalt)
898,Kelheim (Bavaria)
899,Kelkheim (Taunus) (Hesse)
900,Kellinghusen (Schleswig-Holstein)
901,Kelsterbach (Hesse)
902,Kemberg (Saxony-Anhalt)
903,Kemnath (Bavaria)
904,Kempen (North Rhine-Westphalia)
905,Kempten im Allgäu (Bavaria)
906,Kenzingen (Baden-Württemberg)
907,Kerpen (North Rhine-Westphalia)
908,Ketzin/Havel (Brandenburg)
909,Kevelaer (North Rhine-Westphalia)
910,Kiel (Schleswig-Holstein)
911,Kierspe (North Rhine-Westphalia)
912,Kirchberg (Saxony)
913,Kirchberg an der Jagst (Baden-Württemberg)
914,Kirchberg (Hunsrück) (Rhineland-Palatinate)
915,Kirchen (Sieg) (Rhineland-Palatinate)
916,Kirchenlamitz (Bavaria)
917,Kirchhain (Hesse)
918,Kirchheimbolanden (Rhineland-Palatinate)
919,Kirchheim unter Teck (Baden-Württemberg)
920,Kirn (Rhineland-Palatinate)
921,Kirtorf (Hesse)
922,Kitzingen (Bavaria)
923,Kitzscher (Saxony)
924,Kleve (North Rhine-Westphalia)
925,Klingenberg am Main (Bavaria)
926,Klingenthal/Sa. (Saxony)
927,Klötze (Saxony-Anhalt)
928,Klütz (Mecklenburg-Western Pomerania)
929,Knittlingen (Baden-Württemberg)
930,Koblenz (Rhineland-Palatinate)
931,Kolbermoor (Bavaria)
932,Kölleda (Thuringia)
933,Königsberg in Bayern (Bavaria)
934,Königsbrück (Saxony)
935,Königsbrunn (Bavaria)
936,Königsee (Thuringia)
937,Königslutter (Lower Saxony)
938,Königstein im Taunus (Hesse)
939,Königstein (Sächsische Schweiz) (Saxony)
940,Königswinter (North Rhine-Westphalia)
941,Königs Wusterhausen (Brandenburg)
942,Könnern (Saxony-Anhalt)
943,Konstanz (Baden-Württemberg)
944,Konz (Rhineland-Palatinate)
945,Korbach (Hesse)
946,Korntal-Münchingen (Baden-Württemberg)
947,Kornwestheim (Baden-Württemberg)
948,Korschenbroich (North Rhine-Westphalia)
949,Köthen (Saxony-Anhalt)
950,Kraichtal (Baden-Württemberg)
951,Krakow am See (Mecklenburg-Western Pomerania)
952,Kranichfeld (Thuringia)
953,Krautheim (Baden-Württemberg)
954,Krefeld (North Rhine-Westphalia)
955,Kremmen (Brandenburg)
956,Krempe (Schleswig-Holstein)
957,Kreuztal (North Rhine-Westphalia)
958,Kronach (Bavaria)
959,Kronberg im Taunus (Hesse)
960,Kröpelin (Mecklenburg-Western Pomerania)
961,Kroppenstedt (Saxony-Anhalt)
962,Krumbach (Schwaben) (Bavaria)
963,Kühlungsborn (Mecklenburg-Western Pomerania)
964,Kulmbach (Bavaria)
965,Külsheim (Baden-Württemberg)
966,Künzelsau (Baden-Württemberg)
967,Kupferberg (Bavaria)
968,Kuppenheim (Baden-Württemberg)
969,Kusel (Rhineland-Palatinate)
970,Kyllburg (Rhineland-Palatinate)
971,Kyritz (Brandenburg)
972,Laage (Mecklenburg-Western Pomerania)
973,Laatzen (Lower Saxony)
974,Ladenburg (Baden-Württemberg)
975,Lage (North Rhine-Westphalia)
976,Lahnstein (Rhineland-Palatinate)
977,Lahr/Schwarzwald (Baden-Württemberg)
978,Laichingen (Baden-Württemberg)
979,Lambrecht (Pfalz) (Rhineland-Palatinate)
980,Lampertheim (Hesse)
981,Landau an der Isar (Bavaria)
982,Landau in der Pfalz (Rhineland-Palatinate)
983,Landsberg am Lech (Bavaria)
984,Landsberg (Saxony-Anhalt)
985,Landshut (Bavaria)
986,Landstuhl (Rhineland-Palatinate)
987,Langelsheim (Lower Saxony)
988,Langen (Hesse) (Hesse)
989,Langenau (Baden-Württemberg)
990,Langenburg (Baden-Württemberg)
991,Langenfeld (Rhineland) (North Rhine-Westphalia)
992,Langenhagen (Lower Saxony)
993,Langenselbold (Hesse)
994,Langenzenn (Bavaria)
995,Lassan (Mecklenburg-Western Pomerania)
996,Laubach (Hesse)
997,Laucha an der Unstrut (Saxony-Anhalt)
998,Lauchhammer (Brandenburg)
999,Lauchheim (Baden-Württemberg)
1000,Lauda-Königshofen (Baden-Württemberg)
1001,Lauenburg (Schleswig-Holstein)
1002,Lauf an der Pegnitz (Bavaria)
1003,Laufen (Bavaria)
1004,Laufenburg (Baden-Württemberg)
1005,Lauffen am Neckar (Baden-Württemberg)
1006,Lauingen (Donau) (Bavaria)
1007,Laupheim (Baden-Württemberg)
1008,Lauscha (Thuringia)
1009,Lauta (Saxony)
1010,Lauter-Bernsbach (Saxony)
1011,Lauterbach (Hesse) (Hesse)
1012,Lauterecken (Rhineland-Palatinate)
1013,Lauterstein (Baden-Württemberg)
1014,Lebach (Saarland)
1015,Lebus (Brandenburg)
1016,Leer (Lower Saxony)
1017,Lehesten (Thuringia)
1018,Lehrte (Lower Saxony)
1019,Leichlingen (North Rhine-Westphalia)
1020,Leimen (Baden-Württemberg)
1021,Leinefelde-Worbis (Thuringia)
1022,Leinfelden-Echterdingen (Baden-Württemberg)
1023,Leingarten (Baden-Württemberg)
1024,Leipheim (Bavaria)
1025,Leipzig (Saxony)
1026,Leisnig (Saxony)
1027,Lemgo (North Rhine-Westphalia)
1028,Lengenfeld (Saxony)
1029,Lengerich (North Rhine-Westphalia)
1030,Lennestadt (North Rhine-Westphalia)
1031,Lenzen (Brandenburg)
1032,Leonberg (Baden-Württemberg)
1033,Leun (Hesse)
1034,Leuna (Saxony-Anhalt)
1035,Leutenberg (Thuringia)
1036,Leutershausen (Bavaria)
1037,Leutkirch im Allgäu (Baden-Württemberg)
1038,Leverkusen (North Rhine-Westphalia)
1039,Lich (Hesse)
1040,Lichtenau (Baden-Württemberg)
1041,Lichtenau (North Rhine-Westphalia)
1042,Lichtenberg (Bavaria)
1043,Lichtenfels (Bavaria)
1044,Lichtenfels (Hesse)
1045,Lichtenstein/Sa. (Saxony)
1046,Liebenau (Hesse)
1047,Liebenwalde (Brandenburg)
1048,Lieberose (Brandenburg)
1049,Liebstadt (Saxony)
1050,Limbach-Oberfrohna (Saxony)
1051,Limburg an der Lahn (Hesse)
1052,Lindau (Bodensee) (Bavaria)
1053,Linden (Hesse)
1054,Lindenberg im Allgäu (Bavaria)
1055,Lindenfels (Hesse)
1056,Lindow (Mark) (Brandenburg)
1057,Lingen (Lower Saxony)
1058,Linnich (North Rhine-Westphalia)
1059,Linz am Rhein (Rhineland-Palatinate)
1060,Lippstadt (North Rhine-Westphalia)
1061,Löbau (Saxony)
1062,Löffingen (Baden-Württemberg)
1063,Lohmar (North Rhine-Westphalia)
1064,Lohne (Lower Saxony)
1065,Löhne (North Rhine-Westphalia)
1066,Lohr am Main (Bavaria)
1067,Loitz (Mecklenburg-Western Pomerania)
1068,Lollar (Hesse)
1069,Lommatzsch (Saxony)
1070,Löningen (Lower Saxony)
1071,Lorch (Baden-Württemberg)
1072,Lorch (Hesse)
1073,Lörrach (Baden-Württemberg)
1074,Lorsch (Hesse)
1075,Lößnitz (Saxony)
1076,Löwenstein (Baden-Württemberg)
1077,Lübbecke (North Rhine-Westphalia)
1078,Lübben (Spreewald) (Brandenburg)
1079,Lübbenau (Brandenburg)
1080,Lübeck (Schleswig-Holstein)
1081,Lübtheen (Mecklenburg-Western Pomerania)
1082,Lübz (Mecklenburg-Western Pomerania)
1083,Lüchow (Wendland) (Lower Saxony)
1084,Lucka (Thuringia)
1085,Luckau (Brandenburg)
1086,Luckenwalde (Brandenburg)
1087,Lüdenscheid (North Rhine-Westphalia)
1088,Lüdinghausen (North Rhine-Westphalia)
1089,Ludwigsburg (Baden-Württemberg)
1090,Ludwigsfelde (Brandenburg)
1091,Ludwigshafen am Rhein (Rhineland-Palatinate)
1092,Ludwigslust (Mecklenburg-Western Pomerania)
1093,Ludwigsstadt (Bavaria)
1094,Lugau/Erzgeb. (Saxony)
1095,Lügde (North Rhine-Westphalia)
1096,Lüneburg (Lower Saxony)
1097,Lünen (North Rhine-Westphalia)
1098,Lunzenau (Saxony)
1099,Lütjenburg (Schleswig-Holstein)
1100,Lützen (Saxony-Anhalt)
1101,Lychen (Brandenburg)
1102,Magdala (Thuringia)
1103,Magdeburg (Saxony-Anhalt)
1104,Mahlberg (Baden-Württemberg)
1105,Mainbernheim (Bavaria)
1106,Mainburg (Bavaria)
1107,Maintal (Hesse)
1108,Mainz (Rhineland-Palatinate)
1109,Malchin (Mecklenburg-Western Pomerania)
1110,Malchow (Mecklenburg-Western Pomerania)
1111,Mannheim (Baden-Württemberg)
1112,Manderscheid (Rhineland-Palatinate)
1113,Mansfeld (Saxony-Anhalt)
1114,Marbach am Neckar (Baden-Württemberg)
1115,Marburg (Hesse)
1116,Marienberg (Saxony)
1117,Marienmünster (North Rhine-Westphalia)
1118,Markdorf (Baden-Württemberg)
1119,Markgröningen (Baden-Württemberg)
1120,Märkisch Buchholz (Brandenburg)
1121,Markkleeberg (Saxony)
1122,Markneukirchen (Saxony)
1123,Markranstädt (Saxony)
1124,Marktbreit (Bavaria)
1125,Marktheidenfeld (Bavaria)
1126,Marktleuthen (Bavaria)
1127,Marktoberdorf (Bavaria)
1128,Marktredwitz (Bavaria)
1129,Marktsteft (Bavaria)
1130,Marl (North Rhine-Westphalia)
1131,Marlow (Mecklenburg-Western Pomerania)
1132,Marne (Schleswig-Holstein)
1133,Marsberg (North Rhine-Westphalia)
1134,Maulbronn (Baden-Württemberg)
1135,Maxhütte-Haidhof (Bavaria)
1136,Mayen (Rhineland-Palatinate)
1137,Mechernich (North Rhine-Westphalia)
1138,Meckenheim (North Rhine-Westphalia)
1139,Medebach (North Rhine-Westphalia)
1140,Meerane (Saxony)
1141,Meerbusch (North Rhine-Westphalia)
1142,Meersburg (Baden-Württemberg)
1143,Meinerzhagen (North Rhine-Westphalia)
1144,Meiningen (Thuringia)
1145,Meisenheim (Rhineland-Palatinate)
1146,Meißen (Saxony)
1147,Meldorf (Schleswig-Holstein)
1148,Melle (Lower Saxony)
1149,Mellrichstadt (Bavaria)
1150,Melsungen (Hesse)
1151,Memmingen (Bavaria)
1152,Menden (Sauerland) (North Rhine-Westphalia)
1153,Mendig (Rhineland-Palatinate)
1154,Mengen (Baden-Württemberg)
1155,Meppen (Lower Saxony)
1156,Merkendorf (Bavaria)
1157,Merseburg (Saxony-Anhalt)
1158,Merzig (Saarland)
1159,Meschede (North Rhine-Westphalia)
1160,Meßkirch (Baden-Württemberg)
1161,Meßstetten (Baden-Württemberg)
1162,Mettmann (North Rhine-Westphalia)
1163,Metzingen (Baden-Württemberg)
1164,Meuselwitz (Thuringia)
1165,Meyenburg (Brandenburg)
1166,Michelstadt (Hesse)
1167,Miesbach (Bavaria)
1168,Miltenberg (Bavaria)
1169,Mindelheim (Bavaria)
1170,Minden (North Rhine-Westphalia)
1171,Mirow (Mecklenburg-Western Pomerania)
1172,Mittenwalde (Brandenburg)
1173,Mitterteich (Bavaria)
1174,Mittweida (Saxony)
1175,Möckern (Saxony-Anhalt)
1176,Möckmühl (Baden-Württemberg)
1177,Moers (North Rhine-Westphalia)
1178,Mölln (Schleswig-Holstein)
1179,Mönchengladbach (North Rhine-Westphalia)
1180,Monheim am Rhein (North Rhine-Westphalia)
1181,Monheim (Bavaria)
1182,Monschau (North Rhine-Westphalia)
1183,Montabaur (Rhineland-Palatinate)
1184,Moosburg (Bavaria)
1185,Mörfelden-Walldorf (Hesse)
1186,Moringen (Lower Saxony)
1187,Mosbach (Baden-Württemberg)
1188,Mössingen (Baden-Württemberg)
1189,Mücheln (Geiseltal) (Saxony-Anhalt)
1190,Mügeln (Saxony)
1191,Mühlacker (Baden-Württemberg)
1192,Mühlberg (Elbe) (Brandenburg)
1193,Mühldorf (Bavaria)
1194,Mühlhausen (Thuringia)
1195,Mühlheim am Main (Hesse)
1196,Mühlheim an der Donau (Baden-Württemberg)
1197,Mülheim an der Ruhr (North Rhine-Westphalia)
1198,Mülheim-Kärlich (Rhineland-Palatinate)
1199,Müllheim (Baden-Württemberg)
1200,Müllrose (Brandenburg)
1201,Münchberg (Bavaria)
1202,Müncheberg (Brandenburg)
1203,Münchenbernsdorf (Thuringia)
1204,Munderkingen (Baden-Württemberg)
1205,Munich (Bavaria)
1206,Münnerstadt (Bavaria)
1207,Münsingen (Baden-Württemberg)
1208,Munster (Lower Saxony)
1209,Münster (North Rhine-Westphalia)
1210,Münstermaifeld (Rhineland-Palatinate)
1211,Münzenberg (Hesse)
1212,Murrhardt (Baden-Württemberg)
1213,Nabburg (Bavaria)
1214,Nagold (Baden-Württemberg)
1215,Naila (Bavaria)
1216,Nassau (Rhineland-Palatinate)
1217,Nastätten (Rhineland-Palatinate)
1218,Nauen (Brandenburg)
1219,Naumburg (Hesse) (Hesse)
1220,Naumburg (Saxony-Anhalt)
1221,Naunhof (Saxony)
1222,Nebra (Saxony-Anhalt)
1223,Neckarbischofsheim (Baden-Württemberg)
1224,Neckargemünd (Baden-Württemberg)
1225,Neckarsteinach (Hesse)
1226,Neckarsulm (Baden-Württemberg)
1227,Neresheim (Baden-Württemberg)
1228,Netphen (North Rhine-Westphalia)
1229,Nettetal (North Rhine-Westphalia)
1230,Netzschkau (Saxony)
1231,Neu-Anspach (Hesse)
1232,Neubrandenburg (Mecklenburg-Western Pomerania)
1233,Neubukow (Mecklenburg-Western Pomerania)
1234,Neubulach (Baden-Württemberg)
1235,Neuburg an der Donau (Bavaria)
1236,Neudenau (Baden-Württemberg)
1237,Neuenbürg (Baden-Württemberg)
1238,Neuenburg am Rhein (Baden-Württemberg)
1239,Neuenhaus (Lower Saxony)
1240,Neuenrade (North Rhine-Westphalia)
1241,Neuenstadt am Kocher (Baden-Württemberg)
1242,Neuenstein (Baden-Württemberg)
1243,Neuerburg (Rhineland-Palatinate)
1244,Neuffen (Baden-Württemberg)
1245,Neuhaus am Rennweg (Thuringia)
1246,Neu-Isenburg (Hesse)
1247,Neukalen (Mecklenburg-Western Pomerania)
1248,Neukirchen (Hesse)
1249,Neukirchen-Vluyn (North Rhine-Westphalia)
1250,Neukloster (Mecklenburg-Western Pomerania)
1251,Neumark (Thuringia)
1252,Neumarkt in der Oberpfalz (Bavaria)
1253,Neumarkt-Sankt Veit (Bavaria)
1254,Neumünster (Schleswig-Holstein)
1255,Neunburg vorm Wald (Bavaria)
1256,Neunkirchen (Saarland)
1257,Neuötting (Bavaria)
1258,Neuruppin (Brandenburg)
1259,Neusalza-Spremberg (Saxony)
1260,Neusäß (Bavaria)
1261,Neuss (North Rhine-Westphalia)
1262,Neustadt an der Aisch (Bavaria)
1263,Neustadt an der Donau (Bavaria)
1264,Neustadt an der Waldnaab (Bavaria)
1265,Neustadt am Kulm (Bavaria)
1266,Neustadt am Rübenberge (Lower Saxony)
1267,Neustadt an der Orla (Thuringia)
1268,Neustadt an der Weinstraße (Rhineland-Palatinate)
1269,Neustadt bei Coburg (Bavaria)
1270,Neustadt (Dosse) (Brandenburg)
1271,Neustadt-Glewe (Mecklenburg-Western Pomerania)
1272,Neustadt (Hesse) (Hesse)
1273,Neustadt in Holstein (Schleswig-Holstein)
1274,Neustadt in Sachsen (Saxony)
1275,Neustrelitz (Mecklenburg-Western Pomerania)
1276,Neutraubling (Bavaria)
1277,Neu-Ulm (Bavaria)
1278,Neuwied (Rhineland-Palatinate)
1279,Nidda (Hesse)
1280,Niddatal (Hesse)
1281,Nidderau (Hesse)
1282,Nideggen (North Rhine-Westphalia)
1283,Niebüll (Schleswig-Holstein)
1284,Niedenstein (Hesse)
1285,Niederkassel (North Rhine-Westphalia)
1286,Niedernhall (Baden-Württemberg)
1287,Nieder-Olm (Rhineland-Palatinate)
1288,Niederstetten (Baden-Württemberg)
1289,Niederstotzingen (Baden-Württemberg)
1290,Nieheim (North Rhine-Westphalia)
1291,Niemegk (Brandenburg)
1292,Nienburg (Saale) (Saxony-Anhalt)
1293,Nienburg (Lower Saxony)
1294,Nierstein (Rhineland-Palatinate)
1295,Niesky (Saxony)
1296,Nittenau (Bavaria)
1297,Norden (Lower Saxony)
1298,Nordenham (Lower Saxony)
1299,Norderney (Lower Saxony)
1300,Norderstedt (Schleswig-Holstein)
1301,Nordhausen (Thuringia)
1302,Nordhorn (Lower Saxony)
1303,Nördlingen (Bavaria)
1304,Northeim (Lower Saxony)
1305,Nortorf (Schleswig-Holstein)
1306,Nossen (Saxony)
1307,Nottertal-Heilinger Höhen (Thuringia)
1308,Nuremberg (Bavaria)
1309,Nürtingen (Baden-Württemberg)
1310,Oberasbach (Bavaria)
1311,Oberharz am Brocken (Saxony-Anhalt)
1312,Oberhausen (North Rhine-Westphalia)
1313,Oberhof (Thuringia)
1314,Oberkirch (Baden-Württemberg)
1315,Oberkochen (Baden-Württemberg)
1316,Oberlungwitz (Saxony)
1317,Obermoschel (Rhineland-Palatinate)
1318,Obernburg am Main (Bavaria)
1319,Oberndorf am Neckar (Baden-Württemberg)
1320,Obernkirchen (Lower Saxony)
1321,Ober-Ramstadt (Hesse)
1322,Oberriexingen (Baden-Württemberg)
1323,Obertshausen (Hesse)
1324,Oberursel (Taunus) (Hesse)
1325,Oberviechtach (Bavaria)
1326,Oberwesel (Rhineland-Palatinate)
1327,"Oberwiesenthal, Kurort (Saxony)"
1328,Oberzent (Hesse)
1329,Ochsenfurt (Bavaria)
1330,Ochsenhausen (Baden-Württemberg)
1331,Ochtrup (North Rhine-Westphalia)
1332,Oderberg (Brandenburg)
1333,Oebisfelde-Weferlingen (Saxony-Anhalt)
1334,Oederan (Saxony)
1335,Oelde (North Rhine-Westphalia)
1336,Oelsnitz (Saxony)
1337,Oelsnitz/Erzgeb. (Saxony)
1338,Oer-Erkenschwick (North Rhine-Westphalia)
1339,Oerlinghausen (North Rhine-Westphalia)
1340,Oestrich-Winkel (Hesse)
1341,Oettingen in Bayern (Bavaria)
1342,Offenbach am Main (Hesse)
1343,Offenburg (Baden-Württemberg)
1344,Ohrdruf (Thuringia)
1345,Öhringen (Baden-Württemberg)
1346,Olbernhau (Saxony)
1347,Olching (Bavaria)
1348,Oldenburg (Lower Saxony)
1349,Oldenburg in Holstein (Schleswig-Holstein)
1350,Olfen (North Rhine-Westphalia)
1351,Olpe (North Rhine-Westphalia)
1352,Olsberg (North Rhine-Westphalia)
1353,Oppenau (Baden-Württemberg)
1354,Oppenheim (Rhineland-Palatinate)
1355,Oranienbaum-Wörlitz (Saxony-Anhalt)
1356,Oranienburg (Brandenburg)
1357,Orlamünde (Thuringia)
1358,Ornbau (Bavaria)
1359,Ortenberg (Hesse)
1360,Ortrand (Brandenburg)
1361,Oschatz (Saxony)
1362,Oschersleben (Bode) (Saxony-Anhalt)
1363,Osnabrück (Lower Saxony)
1364,Osterburg (Altmark) (Saxony-Anhalt)
1365,Osterburken (Baden-Württemberg)
1366,Osterfeld (Saxony-Anhalt)
1367,Osterhofen (Bavaria)
1368,Osterholz-Scharmbeck (Lower Saxony)
1369,Osterode am Harz (Lower Saxony)
1370,Osterwieck (Saxony-Anhalt)
1371,Ostfildern (Baden-Württemberg)
1372,Ostheim vor der Rhön (Bavaria)
1373,Osthofen (Rhineland-Palatinate)
1374,Östringen (Baden-Württemberg)
1375,Ostritz (Saxony)
1376,Otterberg (Rhineland-Palatinate)
1377,Otterndorf (Lower Saxony)
1378,Ottweiler (Saarland)
1379,Overath (North Rhine-Westphalia)
1380,Owen (Baden-Württemberg)
1381,Paderborn (North Rhine-Westphalia)
1382,Papenburg (Lower Saxony)
1383,Pappenheim (Bavaria)
1384,Parchim (Mecklenburg-Western Pomerania)
1385,Parsberg (Bavaria)
1386,Pasewalk (Mecklenburg-Western Pomerania)
1387,Passau (Bavaria)
1388,Pattensen (Lower Saxony)
1389,Pausa-Mühltroff (Saxony)
1390,Pegau (Saxony)
1391,Pegnitz (Bavaria)
1392,Peine (Lower Saxony)
1393,Peitz (Brandenburg)
1394,Penig (Saxony)
1395,Penkun (Mecklenburg-Western Pomerania)
1396,Penzberg (Bavaria)
1397,Penzlin (Mecklenburg-Western Pomerania)
1398,Perleberg (Brandenburg)
1399,Petershagen (North Rhine-Westphalia)
1400,Pfaffenhofen an der Ilm (Bavaria)
1401,Pfarrkirchen (Bavaria)
1402,Pforzheim (Baden-Württemberg)
1403,Pfreimd (Bavaria)
1404,Pfullendorf (Baden-Württemberg)
1405,Pfullingen (Baden-Württemberg)
1406,Pfungstadt (Hesse)
1407,Philippsburg (Baden-Württemberg)
1408,Pinneberg (Schleswig-Holstein)
1409,Pirmasens (Rhineland-Palatinate)
1410,Pirna (Saxony)
1411,Plattling (Bavaria)
1412,Plau am See (Mecklenburg-Western Pomerania)
1413,Plaue (Thuringia)
1414,Plauen (Saxony)
1415,Plettenberg (North Rhine-Westphalia)
1416,Pleystein (Bavaria)
1417,Plochingen (Baden-Württemberg)
1418,Plön (Schleswig-Holstein)
1419,Pockau-Lengefeld (Saxony)
1420,Pocking (Bavaria)
1421,Pohlheim (Hesse)
1422,Polch (Rhineland-Palatinate)
1423,Porta Westfalica (North Rhine-Westphalia)
1424,Pößneck (Thuringia)
1425,Potsdam (Brandenburg)
1426,Pottenstein (Bavaria)
1427,Preetz (Schleswig-Holstein)
1428,Premnitz (Brandenburg)
1429,Prenzlau (Brandenburg)
1430,Pressath (Bavaria)
1431,Preußisch Oldendorf (North Rhine-Westphalia)
1432,Prichsenstadt (Bavaria)
1433,Pritzwalk (Brandenburg)
1434,Prüm (Rhineland-Palatinate)
1435,Puchheim (Bavaria)
1436,Pulheim (North Rhine-Westphalia)
1437,Pulsnitz (Saxony)
1438,Putbus (Mecklenburg-Western Pomerania)
1439,Putlitz (Brandenburg)
1440,Püttlingen (Saarland)
1441,Quakenbrück (Lower Saxony)
1442,Quedlinburg (Saxony-Anhalt)
1443,Querfurt (Saxony-Anhalt)
1444,Quickborn (Schleswig-Holstein)
1445,Rabenau (Saxony)
1446,Radeberg (Saxony)
1447,Radebeul (Saxony)
1448,Radeburg (Saxony)
1449,Radevormwald (North Rhine-Westphalia)
1450,Radolfzell am Bodensee (Baden-Württemberg)
1451,Raguhn-Jeßnitz (Saxony-Anhalt)
1452,Rahden (North Rhine-Westphalia)
1453,Rain (Bavaria)
1454,Ramstein-Miesenbach (Rhineland-Palatinate)
1455,Ranis (Thuringia)
1456,Ransbach-Baumbach (Rhineland-Palatinate)
1457,Rastatt (Baden-Württemberg)
1458,Rastenberg (Thuringia)
1459,Rathenow (Brandenburg)
1460,Ratingen (North Rhine-Westphalia)
1461,Ratzeburg (Schleswig-Holstein)
1462,Rauenberg (Baden-Württemberg)
1463,Raunheim (Hesse)
1464,Rauschenberg (Hesse)
1465,Ravensburg (Baden-Württemberg)
1466,Ravenstein (Baden-Württemberg)
1467,Recklinghausen (North Rhine-Westphalia)
1468,Rees (North Rhine-Westphalia)
1469,Regen (Bavaria)
1470,Regensburg (Bavaria)
1471,Regis-Breitingen (Saxony)
1472,Rehau (Bavaria)
1473,Rehburg-Loccum (Lower Saxony)
1474,Rehna (Mecklenburg-Western Pomerania)
1475,Reichelsheim (Wetterau) (Hesse)
1476,Reichenbach (Vogtland) (Saxony)
1477,Reichenbach (Oberlausitz) (Saxony)
1478,Reinbek (Schleswig-Holstein)
1479,"Reinfeld, Holstein (Schleswig-Holstein)"
1480,Reinheim (Hesse)
1481,Remagen (Rhineland-Palatinate)
1482,Remscheid (North Rhine-Westphalia)
1483,Remseck am Neckar (Baden-Württemberg)
1484,Renchen (Baden-Württemberg)
1485,Rendsburg (Schleswig-Holstein)
1486,Rennerod (Rhineland-Palatinate)
1487,Renningen (Baden-Württemberg)
1488,Rerik (Mecklenburg-Western Pomerania)
1489,Rethem (Lower Saxony)
1490,Reutlingen (Baden-Württemberg)
1491,Rheda-Wiedenbrück (North Rhine-Westphalia)
1492,Rhede (North Rhine-Westphalia)
1493,Rheinau (Baden-Württemberg)
1494,Rheinbach (North Rhine-Westphalia)
1495,Rheinberg (North Rhine-Westphalia)
1496,Rheinböllen (Rhineland-Palatinate)
1497,Rheine (North Rhine-Westphalia)
1498,Rheinfelden (Baden-Württemberg)
1499,Rheinsberg (Brandenburg)
1500,Rheinstetten (Baden-Württemberg)
1501,Rhens (Rhineland-Palatinate)
1502,Rhinow (Brandenburg)
1503,Ribnitz-Damgarten (Mecklenburg-Western Pomerania)
1504,Richtenberg (Mecklenburg-Western Pomerania)
1505,Riedenburg (Bavaria)
1506,Riedlingen (Baden-Württemberg)
1507,Riedstadt (Hesse)
1508,Rieneck (Bavaria)
1509,Riesa (Saxony)
1510,Rietberg (North Rhine-Westphalia)
1511,Rinteln (Lower Saxony)
1512,Röbel/Müritz (Mecklenburg-Western Pomerania)
1513,Rochlitz (Saxony)
1514,Rockenhausen (Rhineland-Palatinate)
1515,Rodalben (Rhineland-Palatinate)
1516,Rodenberg (Lower Saxony)
1517,Rödental (Bavaria)
1518,Rödermark (Hesse)
1519,Rodewisch (Saxony)
1520,Rodgau (Hesse)
1521,Roding (Bavaria)
1522,Römhild (Thuringia)
1523,Romrod (Hesse)
1524,Ronneburg (Thuringia)
1525,Ronnenberg (Lower Saxony)
1526,Rosbach vor der Höhe (Hesse)
1527,Rosenfeld (Baden-Württemberg)
1528,Rosenheim (Bavaria)
1529,Rosenthal (Hesse)
1530,Rösrath (North Rhine-Westphalia)
1531,Roßleben-Wiehe (Thuringia)
1532,Roßwein (Saxony)
1533,Rostock (Mecklenburg-Western Pomerania)
1534,Rotenburg an der Fulda (Hesse)
1535,Rotenburg an der Wümme (Lower Saxony)
1536,Roth (Bavaria)
1537,Rötha (Saxony)
1538,Röthenbach an der Pegnitz (Bavaria)
1539,Rothenburg (Saxony)
1540,Rothenburg ob der Tauber (Bavaria)
1541,Rothenfels (Bavaria)
1542,Rottenburg am Neckar (Baden-Württemberg)
1543,Rottenburg a.d.Laaber (Bavaria)
1544,Röttingen (Bavaria)
1545,Rottweil (Baden-Württemberg)
1546,Rötz (Bavaria)
1547,Rüdesheim (Hesse)
1548,Rudolstadt (Thuringia)
1549,Ruhla (Thuringia)
1550,Ruhland (Brandenburg)
1551,Runkel (Hesse)
1552,Rüsselsheim (Hesse)
1553,Rutesheim (Baden-Württemberg)
1554,Rüthen (North Rhine-Westphalia)
1555,Saalburg-Ebersdorf (Thuringia)
1556,Saalfeld (Thuringia)
1557,Saarbrücken (Saarland)
1558,Saarburg (Rhineland-Palatinate)
1559,Saarlouis (Saarland)
1560,Sachsenhagen (Lower Saxony)
1561,Sachsenheim (Baden-Württemberg)
1562,Salzgitter (Lower Saxony)
1563,Salzkotten (North Rhine-Westphalia)
1564,Salzwedel (Saxony-Anhalt)
1565,Sandau (Elbe) (Saxony-Anhalt)
1566,Sandersdorf-Brehna (Saxony-Anhalt)
1567,Sangerhausen (Saxony-Anhalt)
1568,Sankt Augustin (North Rhine-Westphalia)
1569,Sankt Goar (Rhineland-Palatinate)
1570,Sankt Goarshausen (Rhineland-Palatinate)
1571,Sarstedt (Lower Saxony)
1572,Sassenberg (North Rhine-Westphalia)
1573,Sassnitz (Mecklenburg-Western Pomerania)
1574,Sayda (Saxony)
1575,Schalkau (Thuringia)
1576,Schauenstein (Bavaria)
1577,Scheer (Baden-Württemberg)
1578,Scheibenberg (Saxony)
1579,Scheinfeld (Bavaria)
1580,Schelklingen (Baden-Württemberg)
1581,Schenefeld (Schleswig-Holstein)
1582,Scheßlitz (Bavaria)
1583,Schieder-Schwalenberg (North Rhine-Westphalia)
1584,Schifferstadt (Rhineland-Palatinate)
1585,Schillingsfürst (Bavaria)
1586,Schiltach (Baden-Württemberg)
1587,Schirgiswalde-Kirschau (Saxony)
1588,Schkeuditz (Saxony)
1589,Schkölen (Thuringia)
1590,Schleiden (North Rhine-Westphalia)
1591,Schleiz (Thuringia)
1592,Schleswig (Schleswig-Holstein)
1593,Schlettau (Saxony)
1594,Schleusingen (Thuringia)
1595,Schlieben (Brandenburg)
1596,Schlitz (Hesse)
1597,Schloß Holte-Stukenbrock (North Rhine-Westphalia)
1598,Schlüchtern (Hesse)
1599,Schlüsselfeld (Bavaria)
1600,Schmalkalden (Thuringia)
1601,Schmallenberg (North Rhine-Westphalia)
1602,Schmölln (Thuringia)
1603,Schnackenburg (Lower Saxony)
1604,Schnaittenbach (Bavaria)
1605,Schneeberg (Saxony)
1606,Schneverdingen (Lower Saxony)
1607,Schömberg (Baden-Württemberg)
1608,Schönau (Baden-Württemberg)
1609,Schönau im Schwarzwald (Baden-Württemberg)
1610,Schönberg (Mecklenburg-Western Pomerania)
1611,Schönebeck (Saxony-Anhalt)
1612,Schöneck/Vogtl. (Saxony)
1613,Schönewalde (Brandenburg)
1614,Schongau (Bavaria)
1615,Schöningen (Lower Saxony)
1616,Schönsee (Bavaria)
1617,Schönwald (Bavaria)
1618,Schopfheim (Baden-Württemberg)
1619,Schöppenstedt (Lower Saxony)
1620,Schorndorf (Baden-Württemberg)
1621,Schortens (Lower Saxony)
1622,Schotten (Hesse)
1623,Schramberg (Baden-Württemberg)
1624,Schraplau (Saxony-Anhalt)
1625,Schriesheim (Baden-Württemberg)
1626,Schrobenhausen (Bavaria)
1627,Schrozberg (Baden-Württemberg)
1628,Schüttorf (Lower Saxony)
1629,Schwaan (Mecklenburg-Western Pomerania)
1630,Schwabach (Bavaria)
1631,Schwäbisch Gmünd (Baden-Württemberg)
1632,Schwäbisch Hall (Baden-Württemberg)
1633,Schwabmünchen (Bavaria)
1634,Schwaigern (Baden-Württemberg)
1635,Schwalbach am Taunus (Hesse)
1636,Schwalmstadt (Hesse)
1637,Schwandorf (Bavaria)
1638,Schwanebeck (Saxony-Anhalt)
1639,Schwarzatal (Thuringia)
1640,Schwarzenbach am Wald (Bavaria)
1641,Schwarzenbach an der Saale (Bavaria)
1642,Schwarzenbek (Schleswig-Holstein)
1643,Schwarzenberg/Erzgeb. (Saxony)
1644,Schwarzenborn (Hesse)
1645,Schwarzheide (Brandenburg)
1646,Schwedt (Brandenburg)
1647,Schweich (Rhineland-Palatinate)
1648,Schweinfurt (Bavaria)
1649,Schwelm (North Rhine-Westphalia)
1650,Schwentinental (Schleswig-Holstein)
1651,Schwerin (Mecklenburg-Western Pomerania)
1652,Schwerte (North Rhine-Westphalia)
1653,Schwetzingen (Baden-Württemberg)
1654,Sebnitz (Saxony)
1655,Seehausen (Altmark) (Saxony-Anhalt)
1656,Seeland (Saxony-Anhalt)
1657,Seelow (Brandenburg)
1658,Seelze (Lower Saxony)
1659,Seesen (Lower Saxony)
1660,Sehnde (Lower Saxony)
1661,Seifhennersdorf (Saxony)
1662,Selb (Bavaria)
1663,Selbitz (Bavaria)
1664,Seligenstadt (Hesse)
1665,Selm (North Rhine-Westphalia)
1666,Selters (Westerwald) (Rhineland-Palatinate)
1667,Senden (Bavaria)
1668,Sendenhorst (North Rhine-Westphalia)
1669,Senftenberg (Brandenburg)
1670,Seßlach (Bavaria)
1671,Siegburg (North Rhine-Westphalia)
1672,Siegen (North Rhine-Westphalia)
1673,Sigmaringen (Baden-Württemberg)
1674,Simbach am Inn (Bavaria)
1675,Simmern (Rhineland-Palatinate)
1676,Sindelfingen (Baden-Württemberg)
1677,Singen (Baden-Württemberg)
1678,Sinsheim (Baden-Württemberg)
1679,Sinzig (Rhineland-Palatinate)
1680,Soest (North Rhine-Westphalia)
1681,Solingen (North Rhine-Westphalia)
1682,Solms (Hesse)
1683,Soltau (Lower Saxony)
1684,Sömmerda (Thuringia)
1685,Sondershausen (Thuringia)
1686,Sonneberg (Thuringia)
1687,Sonnewalde (Brandenburg)
1688,Sonthofen (Bavaria)
1689,Sontra (Hesse)
1690,Spaichingen (Baden-Württemberg)
1691,Spalt (Bavaria)
1692,Spangenberg (Hesse)
1693,Speicher (Rhineland-Palatinate)
1694,Spenge (North Rhine-Westphalia)
1695,Speyer (Rhineland-Palatinate)
1696,Spremberg (Brandenburg)
1697,Springe (Lower Saxony)
1698,Sprockhövel (North Rhine-Westphalia)
1699,Stade (Lower Saxony)
1700,Stadtallendorf (Hesse)
1701,Stadtbergen (Bavaria)
1702,Stadthagen (Lower Saxony)
1703,Stadtilm (Thuringia)
1704,Stadtlohn (North Rhine-Westphalia)
1705,Stadtoldendorf (Lower Saxony)
1706,Stadtprozelten (Bavaria)
1707,Stadtroda (Thuringia)
1708,Stadtsteinach (Bavaria)
1709,Stadt Wehlen (Saxony)
1710,Starnberg (Bavaria)
1711,Staßfurt (Saxony-Anhalt)
1712,Staufen im Breisgau (Baden-Württemberg)
1713,Staufenberg (Hesse)
1714,"Stavenhagen, Reuterstadt (Mecklenburg-Western Pomerania)"
1715,St. Blasien (Baden-Württemberg)
1716,Stein (Bavaria)
1717,Steinach (Thuringia)
1718,Steinau an der Straße (Hesse)
1719,Steinbach-Hallenberg (Thuringia)
1720,Steinbach (Taunus) (Hesse)
1721,Steinfurt (North Rhine-Westphalia)
1722,Steinheim an der Murr (Baden-Württemberg)
1723,Steinheim (North Rhine-Westphalia)
1724,Stendal (Saxony-Anhalt)
1725,Sternberg (Mecklenburg-Western Pomerania)
1726,St. Ingbert (Saarland)
1727,St. Georgen im Schwarzwald (Baden-Württemberg)
1728,Stockach (Baden-Württemberg)
1729,Stolberg (Rhld.) (North Rhine-Westphalia)
1730,Stollberg (Saxony)
1731,Stolpen (Saxony)
1732,Storkow (Mark) (Brandenburg)
1733,Stößen (Saxony-Anhalt)
1734,Straelen (North Rhine-Westphalia)
1735,Stralsund (Mecklenburg-Western Pomerania)
1736,Strasburg (Uckermark) (Mecklenburg-Western Pomerania)
1737,Straubing (Bavaria)
1738,Strausberg (Brandenburg)
1739,Strehla (Saxony)
1740,Stromberg (Rhineland-Palatinate)
1741,Stühlingen (Baden-Württemberg)
1742,Stutensee (Baden-Württemberg)
1743,Stuttgart (Baden-Württemberg)
1744,St. Wendel (Saarland)
1745,Südliches Anhalt (Saxony-Anhalt)
1746,Suhl (Thuringia)
1747,Sulingen (Lower Saxony)
1748,Sulz am Neckar (Baden-Württemberg)
1749,Sulzbach/ Saar (Saarland)
1750,Sulzbach-Rosenberg (Bavaria)
1751,Sulzburg (Baden-Württemberg)
1752,Sundern (North Rhine-Westphalia)
1753,Süßen (Baden-Württemberg)
1754,Syke (Lower Saxony)
1755,Tambach-Dietharz (Thuringia)
1756,Tangerhütte (Saxony-Anhalt)
1757,Tangermünde (Saxony-Anhalt)
1758,Tann (Rhön) (Hesse)
1759,Tanna (Thuringia)
1760,Tauberbischofsheim (Baden-Württemberg)
1761,Taucha (Saxony)
1762,Taunusstein (Hesse)
1763,Tecklenburg (North Rhine-Westphalia)
1764,Tegernsee (Bavaria)
1765,Telgte (North Rhine-Westphalia)
1766,Teltow (Brandenburg)
1767,Templin (Brandenburg)
1768,Tengen (Baden-Württemberg)
1769,Tessin (Mecklenburg-Western Pomerania)
1770,Teterow (Mecklenburg-Western Pomerania)
1771,Tettnang (Baden-Württemberg)
1772,Teublitz (Bavaria)
1773,Teuchern (Saxony-Anhalt)
1774,Teupitz (Brandenburg)
1775,Teuschnitz (Bavaria)
1776,Thale (Saxony-Anhalt)
1777,Thalheim/Erzgeb. (Saxony)
1778,Thannhausen (Bavaria)
1779,Tharandt (Saxony)
1780,Themar (Thuringia)
1781,Thum (Saxony)
1782,Tirschenreuth (Bavaria)
1783,Titisee-Neustadt (Baden-Württemberg)
1784,Tittmoning (Bavaria)
1785,Todtnau (Baden-Württemberg)
1786,Töging am Inn (Bavaria)
1787,Tönisvorst (North Rhine-Westphalia)
1788,Tönning (Schleswig-Holstein)
1789,Torgau (Saxony)
1790,Torgelow (Mecklenburg-Western Pomerania)
1791,Tornesch (Schleswig-Holstein)
1792,Traben-Trarbach (Rhineland-Palatinate)
1793,Traunreut (Bavaria)
1794,Traunstein (Bavaria)
1795,Trebbin (Brandenburg)
1796,Trebsen/Mulde (Saxony)
1797,Treffurt (Thuringia)
1798,Trendelburg (Hesse)
1799,Treuchtlingen (Bavaria)
1800,Treuen (Saxony)
1801,Treuenbrietzen (Brandenburg)
1802,Triberg im Schwarzwald (Baden-Württemberg)
1803,Tribsees (Mecklenburg-Western Pomerania)
1804,Trier (Rhineland-Palatinate)
1805,Triptis (Thuringia)
1806,Trochtelfingen (Baden-Württemberg)
1807,Troisdorf (North Rhine-Westphalia)
1808,Trossingen (Baden-Württemberg)
1809,Trostberg (Bavaria)
1810,Tübingen (Baden-Württemberg)
1811,Tuttlingen (Baden-Württemberg)
1812,Twistringen (Lower Saxony)
1813,Übach-Palenberg (North Rhine-Westphalia)
1814,Überlingen (Baden-Württemberg)
1815,Uebigau-Wahrenbrück (Brandenburg)
1816,Ueckermünde (Mecklenburg-Western Pomerania)
1817,Uelzen (Lower Saxony)
1818,Uetersen (Schleswig-Holstein)
1819,Uffenheim (Bavaria)
1820,Uhingen (Baden-Württemberg)
1821,Ulm (Baden-Württemberg)
1822,Ulmen (Rhineland-Palatinate)
1823,Ulrichstein (Hesse)
1824,Ummerstadt (Thuringia)
1825,Unkel (Rhineland-Palatinate)
1826,Unna (North Rhine-Westphalia)
1827,Unterschleißheim (Bavaria)
1828,Usedom (Mecklenburg-Western Pomerania)
1829,Usingen (Hesse)
1830,Uslar (Lower Saxony)
1831,Vacha (Thuringia)
1832,Vaihingen an der Enz (Baden-Württemberg)
1833,Vallendar (Rhineland-Palatinate)
1834,Varel (Lower Saxony)
1835,Vechta (Lower Saxony)
1836,Velbert (North Rhine-Westphalia)
1837,Velburg (Bavaria)
1838,Velden (Bavaria)
1839,Velen (North Rhine-Westphalia)
1840,Vellberg (Baden-Württemberg)
1841,Vellmar (Hesse)
1842,Velten (Brandenburg)
1843,Verden (Lower Saxony)
1844,Veringenstadt (Baden-Württemberg)
1845,Verl (North Rhine-Westphalia)
1846,Versmold (North Rhine-Westphalia)
1847,Vetschau/Spreewald (Brandenburg)
1848,Viechtach (Bavaria)
1849,Viernheim (Hesse)
1850,Viersen (North Rhine-Westphalia)
1851,Villingen-Schwenningen (Baden-Württemberg)
1852,Vilsbiburg (Bavaria)
1853,Vilseck (Bavaria)
1854,Vilshofen (Bavaria)
1855,Visselhövede (Lower Saxony)
1856,Vlotho (North Rhine-Westphalia)
1857,Voerde (Niederrhein) (North Rhine-Westphalia)
1858,Vogtsburg im Kaiserstuhl (Baden-Württemberg)
1859,Vohburg an der Donau (Bavaria)
1860,Vohenstrauß (Bavaria)
1861,Vöhrenbach (Baden-Württemberg)
1862,Vöhringen (Bavaria)
1863,Volkach (Bavaria)
1864,Völklingen (Saarland)
1865,Volkmarsen (Hesse)
1866,Vreden (North Rhine-Westphalia)
1867,Wachenheim an der Weinstraße (Rhineland-Palatinate)
1868,Wächtersbach (Hesse)
1869,Wadern (Saarland)
1870,Waghäusel (Baden-Württemberg)
1871,Wahlstedt (Schleswig-Holstein)
1872,Waiblingen (Baden-Württemberg)
1873,Waibstadt (Baden-Württemberg)
1874,Waischenfeld (Bavaria)
1875,Waldbröl (North Rhine-Westphalia)
1876,Waldeck (Hesse)
1877,Waldenbuch (Baden-Württemberg)
1878,Waldenburg (Saxony)
1879,Waldenburg (Baden-Württemberg)
1880,Waldershof (Bavaria)
1881,Waldheim (Saxony)
1882,Waldkappel (Hesse)
1883,Waldkirch (Baden-Württemberg)
1884,Waldkirchen (Bavaria)
1885,Waldkraiburg (Bavaria)
1886,Waldmünchen (Bavaria)
1887,Waldsassen (Bavaria)
1888,Waldshut-Tiengen (Baden-Württemberg)
1889,Walldorf (Baden-Württemberg)
1890,Walldürn (Baden-Württemberg)
1891,Wallenfels (Bavaria)
1892,Walsrode (Lower Saxony)
1893,Waltershausen (Thuringia)
1894,Waltrop (North Rhine-Westphalia)
1895,Wanfried (Hesse)
1896,Wangen im Allgäu (Baden-Württemberg)
1897,Wanzleben-Börde (Saxony-Anhalt)
1898,Warburg (North Rhine-Westphalia)
1899,Waren (Müritz) (Mecklenburg-Western Pomerania)
1900,Warendorf (North Rhine-Westphalia)
1901,Warin (Mecklenburg-Western Pomerania)
1902,Warstein (North Rhine-Westphalia)
1903,Wassenberg (North Rhine-Westphalia)
1904,Wasserburg am Inn (Bavaria)
1905,Wassertrüdingen (Bavaria)
1906,Wasungen (Thuringia)
1907,Wedel (Schleswig-Holstein)
1908,Weener (Lower Saxony)
1909,Wegberg (North Rhine-Westphalia)
1910,Wegeleben (Saxony-Anhalt)
1911,Wehr (Baden-Württemberg)
1912,Weida (Thuringia)
1913,Weiden in der Oberpfalz (Bavaria)
1914,Weikersheim (Baden-Württemberg)
1915,Weil am Rhein (Baden-Württemberg)
1916,Weilburg (Hesse)
1917,Weil der Stadt (Baden-Württemberg)
1918,Weilheim an der Teck (Baden-Württemberg)
1919,Weilheim in Oberbayern (Bavaria)
1920,Weimar (Thuringia)
1921,Weingarten (Baden-Württemberg)
1922,Weinheim (Baden-Württemberg)
1923,Weinsberg (Baden-Württemberg)
1924,Weinstadt (Baden-Württemberg)
1925,Weismain (Bavaria)
1926,Weißenberg (Saxony)
1927,Weißenburg in Bayern (Bavaria)
1928,Weißenfels (Saxony-Anhalt)
1929,Weißenhorn (Bavaria)
1930,Weißensee (Thuringia)
1931,Weißenstadt (Bavaria)
1932,Weißenthurm (Rhineland-Palatinate)
1933,Weißwasser (Saxony)
1934,Weiterstadt (Hesse)
1935,Welzheim (Baden-Württemberg)
1936,Welzow (Brandenburg)
1937,Wemding (Bavaria)
1938,Wendlingen am Neckar (Baden-Württemberg)
1939,Werben (Elbe) (Saxony-Anhalt)
1940,Werdau (Saxony)
1941,Werder (Havel) (Brandenburg)
1942,Werdohl (North Rhine-Westphalia)
1943,Werl (North Rhine-Westphalia)
1944,Werlte (Lower Saxony)
1945,Wermelskirchen (North Rhine-Westphalia)
1946,Wernau (Neckar) (Baden-Württemberg)
1947,Werne (North Rhine-Westphalia)
1948,Werneuchen (Brandenburg)
1949,Wernigerode (Saxony-Anhalt)
1950,Werra-Suhl-Tal (Thuringia)
1951,Wertheim (Baden-Württemberg)
1952,Werther (Westf.) (North Rhine-Westphalia)
1953,Wertingen (Bavaria)
1954,Wesel (North Rhine-Westphalia)
1955,Wesenberg (Mecklenburg-Western Pomerania)
1956,Wesselburen (Schleswig-Holstein)
1957,Wesseling (North Rhine-Westphalia)
1958,Westerburg (Rhineland-Palatinate)
1959,Westerstede (Lower Saxony)
1960,Wetter (Ruhr) (North Rhine-Westphalia)
1961,Wetter (Hesse) (Hesse)
1962,Wettin-Löbejün (Saxony-Anhalt)
1963,Wetzlar (Hesse)
1964,Widdern (Baden-Württemberg)
1965,Wiehl (North Rhine-Westphalia)
1966,Wiesbaden (Hesse)
1967,Wiesensteig (Baden-Württemberg)
1968,Wiesloch (Baden-Württemberg)
1969,Wiesmoor (Lower Saxony)
1970,Wildau (Brandenburg)
1971,Wildberg (Baden-Württemberg)
1972,Wildenfels (Saxony)
1973,Wildeshausen (Lower Saxony)
1974,Wilhelmshaven (Lower Saxony)
1975,Wilkau-Haßlau (Saxony)
1976,Willebadessen (North Rhine-Westphalia)
1977,Willich (North Rhine-Westphalia)
1978,Wilsdruff (Saxony)
1979,Wilster (Schleswig-Holstein)
1980,Wilthen (Saxony)
1981,Windischeschenbach (Bavaria)
1982,Windsbach (Bavaria)
1983,Winnenden (Baden-Württemberg)
1984,Winsen (Luhe) (Lower Saxony)
1985,Winterberg (North Rhine-Westphalia)
1986,Wipperfürth (North Rhine-Westphalia)
1987,Wirges (Rhineland-Palatinate)
1988,Wismar (Mecklenburg-Western Pomerania)
1989,Wissen (Rhineland-Palatinate)
1990,Witten (North Rhine-Westphalia)
1991,Wittenberg (Saxony-Anhalt)
1992,Wittenberge (Brandenburg)
1993,Wittenburg (Mecklenburg-Western Pomerania)
1994,Wittichenau (Saxony)
1995,Wittlich (Rhineland-Palatinate)
1996,Wittingen (Lower Saxony)
1997,Wittmund (Lower Saxony)
1998,Wittstock/Dosse (Brandenburg)
1999,Witzenhausen (Hesse)
2000,Woldegk (Mecklenburg-Western Pomerania)
2001,Wolfach (Baden-Württemberg)
2002,Wolfenbüttel (Lower Saxony)
2003,Wolfhagen (Hesse)
2004,Wolframs-Eschenbach (Bavaria)
2005,Wolfratshausen (Bavaria)
2006,Wolfsburg (Lower Saxony)
2007,Wolfstein (Rhineland-Palatinate)
2008,Wolgast (Mecklenburg-Western Pomerania)
2009,Wolkenstein (Saxony)
2010,Wolmirstedt (Saxony-Anhalt)
2011,Worms (Rhineland-Palatinate)
2012,Wörrstadt (Rhineland-Palatinate)
2013,Wörth am Rhein (Rhineland-Palatinate)
2014,Wörth an der Donau (Bavaria)
2015,Wörth am Main (Bavaria)
2016,Wriezen (Brandenburg)
2017,Wülfrath (North Rhine-Westphalia)
2018,Wunsiedel (Bavaria)
2019,Wunstorf (Lower Saxony)
2020,Wuppertal (North Rhine-Westphalia)
2021,Würselen (North Rhine-Westphalia)
2022,Wurzbach (Thuringia)
2023,Würzburg (Bavaria)
2024,Wurzen (Saxony)
2025,Wustrow (Wendland) (Lower Saxony)
2026,Wyk auf Föhr (Schleswig-Holstein)
2027,Xanten (North Rhine-Westphalia)
2028,Zahna-Elster (Saxony-Anhalt)
2029,Zarrentin am Schaalsee (Mecklenburg-Western Pomerania)
2030,Zehdenick (Brandenburg)
2031,Zeil am Main (Bavaria)
2032,Zeitz (Saxony-Anhalt)
2033,Zell am Harmersbach (Baden-Württemberg)
2034,Zell im Wiesental (Baden-Württemberg)
2035,Zell (Mosel) (Rhineland-Palatinate)
2036,Zella-Mehlis (Thuringia)
2037,Zerbst (Saxony-Anhalt)
2038,Zeulenroda-Triebes (Thuringia)
2039,Zeven (Lower Saxony)
2040,Ziegenrück (Thuringia)
2041,Zierenberg (Hesse)
2042,Ziesar (Brandenburg)
2043,Zirndorf (Bavaria)
2044,Zittau (Saxony)
2045,Zörbig (Saxony-Anhalt)
2046,Zossen (Brandenburg)
2047,Zschopau (Saxony)
2048,Zülpich (North Rhine-Westphalia)
2049,Zweibrücken (Rhineland-Palatinate)
2050,Zwenkau (Saxony)
2051,Zwickau (Saxony)
2052,Zwiesel (Bavaria)
2053,Zwingenberg (Hesse)
2054,Zwönitz (Saxony)
